name,email
Abhaya Subedi,subediabhaya9@gmail.com
Karan Khatiwada,karankhatiwada444@gmail.com
Priyanshu Khatri,baltara1781@baltara.edu.np
Rachita Dhungana,rachyta2105@gmail.com
Nischal Dhakal,nischald40@gmail.com
Bishal khatri,bishal.freshway@gmail.com
Nirajan Bartaula,bartaula366@gmail.com
Bigyan Shrestha,bigyans04@gmail.com
Dinesh bajagain,bajagaindinesh21@gmail.com
