name,email
Crystal Shrestha,crystalshrestha563@gmail.com
Ayush kharel,ayushkharel2006@gmail.com
Abhay Kumar Gupta,akgupta128125@gmail.com
Liriks yadav,lyrix.yadav@gmail.com
Bardan Shrestha,bardanshrestha22@gmail.com
Arjun thapa,arjun23thapa@gmail.com
